,chr_x,chr_x_q21_cnv
chr_x,0.9947089947089947,0.005291005291005291
chr_x_q21_cnv,0.02,0.98
