,chr_x,chr_x_q21_cnv
chr_x,0.9946808510638298,0.005319148936170213
chr_x_q21_cnv,0.0392156862745098,0.9607843137254902
