,chr_09,chr_9_inversion
chr_09,0.9418604651162791,0.05813953488372093
chr_9_inversion,0.09714285714285714,0.9028571428571428
