,chr_05,chr_5_p14_deletion
chr_05,0.9547738693467337,0.04522613065326633
chr_5_p14_deletion,0.14102564102564102,0.8589743589743589
