,chr_x,chr_x_isochromosome
chr_x,0.9489795918367347,0.05102040816326531
chr_x_isochromosome,0.05454545454545454,0.9454545454545454
