,chr_x,chr_x_isochromosome
chr_x,0.9841269841269841,0.015873015873015872
chr_x_isochromosome,0.16129032258064516,0.8387096774193549
