,chr_18,chr_18_p11_deletion
chr_18,0.9482758620689655,0.05172413793103448
chr_18_p11_deletion,0.14285714285714285,0.8571428571428571
