,chr_18,chr_18_p11_deletion
chr_18,0.9606741573033708,0.03932584269662921
chr_18_p11_deletion,0.0684931506849315,0.9315068493150684
