,chr_18,chr_18_p11_deletion
chr_18,0.9333333333333333,0.06666666666666667
chr_18_p11_deletion,0.11267605633802817,0.8873239436619719
