,chr_18,chr_18_p11_deletion
chr_18,0.9545454545454546,0.045454545454545456
chr_18_p11_deletion,0.16,0.84
