,chr_18,chr_18_p11_deletion
chr_18,0.9715909090909091,0.028409090909090908
chr_18_p11_deletion,0.09333333333333334,0.9066666666666666
