,chr_x,chr_x_q22_deletion
chr_x,0.9841269841269841,0.015873015873015872
chr_x_q22_deletion,0.21951219512195122,0.7804878048780488
