,chr_x,chr_x_q22_deletion
chr_x,0.9421052631578948,0.05789473684210526
chr_x_q22_deletion,0.25,0.75
