,chr_x,chr_x_q22_deletion
chr_x,0.9470899470899471,0.05291005291005291
chr_x_q22_deletion,0.2682926829268293,0.7317073170731707
