,chr_x,chr_x_q22_deletion
chr_x,0.9682539682539683,0.031746031746031744
chr_x_q22_deletion,0.24390243902439024,0.7560975609756098
