,chr_x,chr_x_q22_deletion
chr_x,0.9481865284974094,0.05181347150259067
chr_x_q22_deletion,0.16216216216216217,0.8378378378378378
