,chr_x,chr_x_q21_cnv
chr_x,0.9894179894179894,0.010582010582010581
chr_x_q21_cnv,0.02,0.98
