,chr_x,chr_x_isochromosome
chr_x,0.9947089947089947,0.005291005291005291
chr_x_isochromosome,0.14516129032258066,0.8548387096774194
