,chr_x,chr_x_isochromosome
chr_x,0.9543147208121827,0.04568527918781726
chr_x_isochromosome,0.018518518518518517,0.9814814814814815
