,chr_18,chr_18_p11_deletion
chr_18,0.9027027027027027,0.0972972972972973
chr_18_p11_deletion,0.13636363636363635,0.8636363636363636
