,chr_18,chr_18_p11_deletion
chr_18,0.9375,0.0625
chr_18_p11_deletion,0.14666666666666667,0.8533333333333334
