,chr_18,chr_18_p11_deletion
chr_18,0.9488636363636364,0.05113636363636364
chr_18_p11_deletion,0.24,0.76
