,chr_x,chr_x_q22_deletion
chr_x,0.9538461538461539,0.046153846153846156
chr_x_q22_deletion,0.08571428571428572,0.9142857142857143
