,chr_05,chr_5_p14_deletion
chr_05,0.9303482587064676,0.06965174129353234
chr_5_p14_deletion,0.14473684210526316,0.8552631578947368
