,chr_05,chr_5_p14_deletion
chr_05,0.945273631840796,0.05472636815920398
chr_5_p14_deletion,0.17105263157894737,0.8289473684210527
