,chr_05,chr_5_p14_deletion
chr_05,0.9444444444444444,0.05555555555555555
chr_5_p14_deletion,0.17721518987341772,0.8227848101265823
