,chr_05,chr_5_p14_deletion
chr_05,0.9343434343434344,0.06565656565656566
chr_5_p14_deletion,0.20253164556962025,0.7974683544303798
