,chr_05,chr_5_p14_deletion
chr_05,0.9359605911330049,0.06403940886699508
chr_5_p14_deletion,0.14864864864864866,0.8513513513513513
