,chr_05,chr_5_p14_deletion
chr_05,0.9203980099502488,0.07960199004975124
chr_5_p14_deletion,0.17105263157894737,0.8289473684210527
