,chr_09,chr_9_inversion
chr_09,0.9346153846153846,0.06538461538461539
chr_9_inversion,0.08670520231213873,0.9132947976878613
