,chr_09,chr_9_inversion
chr_09,0.9198473282442748,0.08015267175572519
chr_9_inversion,0.1111111111111111,0.8888888888888888
