,chr_09,chr_9_inversion
chr_09,0.926923076923077,0.07307692307692308
chr_9_inversion,0.12138728323699421,0.8786127167630058
