,chr_x,chr_x_p22_cnv
chr_x,0.9470899470899471,0.05291005291005291
chr_x_p22_cnv,0.3055555555555556,0.6944444444444444
