,chr_x,chr_x_p22_cnv
chr_x,0.9578947368421052,0.042105263157894736
chr_x_p22_cnv,0.21212121212121213,0.7878787878787878
