,chr_x,chr_x_p22_cnv
chr_x,0.9384615384615385,0.06153846153846154
chr_x_p22_cnv,0.21428571428571427,0.7857142857142857
