,chr_x,chr_x_p22_cnv
chr_x,0.9682539682539683,0.031746031746031744
chr_x_p22_cnv,0.35294117647058826,0.6470588235294118
