,chr_x,chr_x_p22_cnv
chr_x,0.9481865284974094,0.05181347150259067
chr_x_p22_cnv,0.2,0.8
