,chr_x,chr_x_p22_cnv
chr_x,0.9523809523809523,0.047619047619047616
chr_x_p22_cnv,0.47058823529411764,0.5294117647058824
