,chr_x,chr_x_p22_cnv
chr_x,0.9183673469387755,0.08163265306122448
chr_x_p22_cnv,0.3333333333333333,0.6666666666666666
