,chr_x,chr_x_p22_cnv
chr_x,0.9629629629629629,0.037037037037037035
chr_x_p22_cnv,0.23529411764705882,0.7647058823529411
