,chr_x,chr_x_p22_cnv
chr_x,0.9735449735449735,0.026455026455026454
chr_x_p22_cnv,0.3235294117647059,0.6764705882352942
