,chr_x,chr_x_p22_cnv
chr_x,0.9421052631578948,0.05789473684210526
chr_x_p22_cnv,0.2857142857142857,0.7142857142857143
