,chr_x,chr_x_p22_cnv
chr_x,0.9435897435897436,0.05641025641025641
chr_x_p22_cnv,0.17857142857142858,0.8214285714285714
