,chr_18,chr_18_p11_deletion
chr_18,0.9180327868852459,0.08196721311475409
chr_18_p11_deletion,0.11764705882352941,0.8823529411764706
