{"Accuracy": 0.920634925365448, "AUC": 0.8568421052631578, "Performance Report": "                 precision    recall  f1-score   support\n\n         chr_09       0.66      0.97      0.79        38\nchr_9_inversion       0.86      0.24      0.38        25\n\n      micro avg       0.68      0.68      0.68        63\n      macro avg       0.76      0.61      0.58        63\n   weighted avg       0.74      0.68      0.62        63\n", "Confusion Matrix": 